5.166109877761601021e-01,1.081614165987317966e+00
5.903130131653643309e-01,9.366512189229165841e-01
2.841045028554756158e-01,1.183399990095993060e+00
1.395883681197212789e-01,9.342919245914588222e-01
6.389839073879383102e-01,7.050256504236318555e-01
4.000587117662964820e-01,1.063265944355426207e+00
4.174526462033486540e-01,1.198825034493173014e+00
2.224405963684971677e-01,1.020138762473860705e+00
5.716724488876605559e-01,1.142550281240638066e+00
2.076611994094062497e-01,8.826662469132269262e-01
2.753904582604168039e-01,1.086711092120064670e+00
1.884440155604582279e-01,7.322799140902990223e-01
2.726622627981503122e-01,7.087894832257607414e-01
5.824554879765534432e-01,1.033948656880165462e+00
1.810088713191892740e-01,1.135858466288602209e+00
6.110634870112890971e-01,6.802305073150938242e-01
5.896022513764083151e-01,9.492748631745332455e-01
5.390836886269682049e-01,1.154347802910195675e+00
4.529953517934165452e-01,9.990308567203605161e-01
6.428674284410634820e-01,9.349335229165591787e-01
1.382911155272799342e-01,8.675183504579090377e-01
1.630480581718896371e-01,1.043430556506279139e+00
1.425561228804988478e-01,6.879113847029824091e-01
6.326772159887640301e-01,1.018096832727755308e+00
6.332378260548335858e-01,9.537975231959811007e-01
3.824866069600998952e-01,8.790774536971509567e-01
4.348703610435852296e-01,9.782065334675038581e-01
3.520263691838826925e-01,9.591377143442513242e-01
1.529362167773330727e-01,1.198791688078636897e+00
5.429680868469651811e-01,1.193219758493655247e+00
2.854739820502557035e-01,1.108594988755872590e+00
2.527450792780896460e-01,1.189049978852580791e+00
1.683347925512611865e-01,8.974354573034978300e-01
6.283736857782601382e-01,8.709026538023378894e-01
6.232575822314994074e-01,8.078261925170149294e-01
2.995786526944543837e-01,9.951902258946224711e-01
6.241784443479637678e-01,7.487881810731181753e-01
6.135355440450538378e-01,8.731940629830464706e-01
5.600101366922796142e-01,1.175295042009681490e+00
6.410244716805482135e-01,7.924431841772741070e-01
6.042924566438820921e-01,8.025408460359934049e-01
3.555805262135299238e-01,7.814572184106826080e-01
5.839177714508387851e-01,7.082488954406135351e-01
6.001591011084402849e-01,9.822745801284845646e-01
6.133298430903281195e-01,1.152983724201664506e+00
2.950077847717563206e-01,8.727206963796527717e-01
2.052883471112547376e-01,9.083827419452001894e-01
1.725969624422322435e-01,8.015446172776736766e-01
6.154383299259836848e-01,7.519377894901372317e-01
3.033401081055092652e-01,1.167491255410701756e+00
3.858971111556146472e-01,1.017177084225507233e+00
2.253691812628130786e-01,1.006237084666390613e+00
6.122463787490111109e-01,7.806235121942386446e-01
6.299188895271194966e-01,8.783185689198835799e-01
6.345859817646276602e-01,6.897857588269319384e-01
4.880928088884762261e-01,1.008604401956040730e+00
2.471872717137606479e-01,1.129913759579226351e+00
5.053303423824206941e-01,1.060584446586798402e+00
5.995087451816006885e-01,1.204537511767005631e+00
5.651067283360537985e-01,9.798304638352318685e-01
6.134192370447675291e-01,8.045949529037633718e-01
4.748099382961470383e-01,8.926300189250484518e-01
6.338585631609493509e-01,8.326824380879880305e-01
1.866977371211444581e-01,1.060684347340019151e+00
3.901189643432038112e-01,9.752220973712999452e-01
5.829084945341231894e-01,1.199192041160479949e+00
1.559190733202279189e-01,7.508562548670217884e-01
1.823891821647668221e-01,7.019175497292240440e-01
6.293433830959844766e-01,1.007783526914513894e+00
3.067993840089567881e-01,8.183723536654203823e-01
6.033022935415305321e-01,8.161451190474716677e-01
1.986723656909487601e-01,8.307843738844707948e-01
1.698735299272003674e-01,7.052386099029632760e-01
1.542434728166029445e-01,7.000280641641232204e-01
5.669190365230762918e-01,8.744688696216783574e-01
1.499671592834798117e-01,7.650953496156129852e-01
5.394818973012122099e-01,1.201869085703851647e+00
6.368710204419121279e-01,9.852792401655035004e-01
5.304786919719546301e-01,1.160136370974782505e+00
6.413662970496115667e-01,9.945893560640436393e-01
1.778940305203023375e-01,7.533255845491090286e-01
4.973555216503156018e-01,1.172774762428426598e+00
6.048059125804103875e-01,1.198754773935943208e+00
1.335689402201775400e-01,7.040392314920205230e-01
1.412347117573647393e-01,7.974148448506690467e-01
2.058046334664614951e-01,7.739469656919236717e-01
2.953661336757850142e-01,8.181502798840359914e-01
6.061799118124661101e-01,8.071551179712980195e-01
5.885928987593020967e-01,9.748497661989217189e-01
6.448412036432096262e-01,1.071493174462590625e+00
2.648711349172554463e-01,1.109619390279004358e+00
2.133911778976176621e-01,7.820406709085615526e-01
3.080796531131493321e-01,1.093108296831744930e+00
1.342005829883936019e-01,7.081508664425251176e-01
5.780219248455720216e-01,7.620840149963610255e-01
2.366743891594375593e-01,9.497117248953471647e-01
2.221513102725640176e-01,1.090452874891733481e+00
2.189481983987665303e-01,8.847977737947557708e-01
4.524725481176985475e-01,1.130237342841331039e+00
2.076742748212679901e-01,1.154182785156357527e+00
5.732695231318912787e-01,8.232017788985107609e-01
4.445660565198616410e-01,1.173170128020055936e+00
1.826303380194712889e-01,1.210706944046485933e+00
6.005776364589355820e-01,9.918769606304908004e-01
1.399177626538992969e-01,8.030847882289210427e-01
5.450803164133053436e-01,9.241305032984263867e-01
4.877046027877600665e-01,8.456592895721491976e-01
6.412192313468423333e-01,1.092465275096127897e+00
6.301820050901089099e-01,9.073472397787024635e-01
1.599625861312049813e-01,8.847827116729362062e-01
5.471567022921490775e-01,1.119107124200694692e+00
3.533179503261021925e-01,1.026346683695749551e+00
6.190144515235654898e-01,8.032780170313169599e-01
2.047820095508553762e-01,9.137445934934483871e-01
6.286722871541428059e-01,1.201081979272214273e+00
4.923878053430677526e-01,9.435267827042645994e-01
6.431642960190694369e-01,9.028102672027521480e-01
6.343337210498036782e-01,1.012640264624757203e+00
2.217753949532676461e-01,7.257477820519637746e-01
5.577864223231906449e-01,7.053564679252539715e-01
2.972616981765989763e-01,1.194496141931118860e+00
5.494891091305004194e-01,8.524642928142545095e-01
4.142763469621347783e-01,1.081760780102798636e+00
1.394060418136269797e-01,7.410809691383238862e-01
4.812959620800713600e-01,1.122818245081612876e+00
1.652548242473825257e-01,7.430916239189550021e-01
1.390556703310721065e-01,8.513442135282931478e-01
6.144154804443338058e-01,9.630917707276844819e-01
6.146699485516574635e-01,7.691678749182937480e-01
6.445610054623706064e-01,1.199971347225059715e+00
2.170118310041114496e-01,1.202745400291716837e+00
1.440369951850726249e-01,1.079866897243193957e+00
6.330553424448520650e-01,8.323326089681321038e-01
6.107536166240820075e-01,6.808673378840593982e-01
6.367175145382824031e-01,1.051811613917550847e+00
5.496550216057338734e-01,1.199833978747213870e+00
5.511536304173870748e-01,1.014892449285406117e+00
6.131564524163017893e-01,1.073561102447636584e+00
2.983918969591573545e-01,1.127099330926824461e+00
1.366467025126509027e-01,7.409547921815674565e-01
2.681536242759663957e-01,8.643804506833010493e-01
6.430083911940839281e-01,1.158927055382316329e+00
2.273568834182835285e-01,8.570741487960705784e-01
5.225848045992980140e-01,8.278657214946812948e-01
6.337270878614522651e-01,7.907283332296741740e-01
6.379705704843192660e-01,7.889801487632611687e-01
1.330409756897929507e-01,8.964797441645517839e-01
5.938104504336810807e-01,8.276621765931199137e-01
6.302370799167229531e-01,1.066830242898376691e+00
1.341484767464613814e-01,6.962443781494286332e-01
3.675576943206208536e-01,1.128742264846830823e+00
5.991633749920681762e-01,7.461786985403293659e-01
1.861487368432322154e-01,1.049329268872551069e+00
4.358236976313755173e-01,1.083651940941385172e+00
5.449240156415463554e-01,1.060388833217173365e+00
6.411013743668443343e-01,8.729011126221269956e-01
6.037946406638404762e-01,8.648666624733338804e-01
2.300198720041722322e-01,8.334976946500631811e-01
3.617949486696851458e-01,8.895372701079454769e-01
2.170751940472732677e-01,8.359705511325411509e-01
6.155159012719471079e-01,9.113327625994290804e-01
4.104567087256750235e-01,9.552032131237313539e-01
6.261405409201349359e-01,7.496579108259926461e-01
2.225773759979920718e-01,1.131226099833573473e+00
6.393158227277393468e-01,7.017088934551333201e-01
1.974443176794351829e-01,7.909289616617108942e-01
6.244153979404934995e-01,7.477221635917933318e-01
1.334843293247298390e-01,8.552158616295981730e-01
4.862717862379340450e-01,1.096142698980405727e+00
6.370543563782413710e-01,1.146089767715325891e+00
1.340100330801934081e-01,7.047192171046191556e-01
1.815626159299780218e-01,6.721899410248827200e-01
4.920870342654599661e-01,1.003343544241612539e+00
6.322430856874570182e-01,7.261732126042504953e-01
1.381845341546239780e-01,9.878505358557714278e-01
6.126992526963475072e-01,9.692733237557931147e-01
4.698173556785387728e-01,1.089553891729454715e+00
3.146374213712198054e-01,8.909422450302498797e-01
4.298639226841610705e-01,9.253296272248695553e-01
5.121743281987897189e-01,7.815315149730268640e-01
1.504409061420474425e-01,7.275359232528476605e-01
5.311675887565945331e-01,1.056194142389101476e+00
1.474875544668123872e-01,1.002144562851135401e+00
5.683726143305413148e-01,1.178505967130159870e+00
3.616130192214203065e-01,8.800782451449972177e-01
2.910148260477542492e-01,1.069275265618719217e+00
4.253957859283062914e-01,1.115454035229198171e+00
1.899360152468151652e-01,8.479886771780917876e-01
4.031334506565665832e-01,1.171519191684325722e+00
6.129641661622783344e-01,7.540175255510352947e-01
4.063348942588347890e-01,9.306240683086091092e-01
3.925847428072568035e-01,8.574731244400672914e-01
1.378534878395879515e-01,6.724533079331587171e-01
6.373240222448209868e-01,1.022254572332472744e+00
6.129438420867548976e-01,1.123428746181341031e+00
3.341020709097551888e-01,9.501544642154575726e-01
6.338468610829010030e-01,1.201970694530409389e+00
6.364326813264824523e-01,7.005880583154847630e-01
3.433864833217004087e-01,1.057685365842393699e+00
1.430010200242036456e-01,9.707367235259493077e-01
4.594489248232243028e-01,9.831245197450825257e-01
5.130534389533046857e-01,8.119776902850543987e-01
3.131100270310175904e-01,8.931073183941277138e-01
2.166629976469453545e-01,9.761540052509712906e-01
4.951183615808419924e-01,8.360719018788134171e-01
2.461930888895967340e-01,7.274070777516827846e-01
5.603216335286658190e-01,8.554963664880009810e-01
2.819572373095540763e-01,8.458162481930356913e-01
5.208808085916066810e-01,9.992245678018335520e-01
5.292336508060002664e-01,1.160556959308270963e+00
6.377878695680551102e-01,7.286741077863404525e-01
4.220053165721324162e-01,9.284729370179435337e-01
6.414529843028661249e-01,8.550481291217353341e-01
1.569903366971812375e-01,1.162418656510914916e+00
1.536350554846695193e-01,6.838754698223850070e-01
1.834524549164714136e-01,9.813781845928788439e-01
6.384208766875453245e-01,8.709591554553681725e-01
3.321388299744735817e-01,1.170158072681528161e+00
6.366416715167335649e-01,1.122032777793952052e+00
6.232605563676080207e-01,1.189547083896481228e+00
6.308697473580903159e-01,8.669526693173472687e-01
4.474077273838273916e-01,8.925985726450187396e-01
6.321833560172155364e-01,1.180108293804664310e+00
5.696682192394461053e-01,9.351078308598778088e-01
1.457274348883892401e-01,1.170576397434110127e+00
6.330159553665483108e-01,1.027892482808837382e+00
6.448242367859345903e-01,1.145204471370837807e+00
2.837324248295048368e-01,8.602067986317715187e-01
6.370761358796509510e-01,6.404504507934337676e-01
6.440395763428635734e-01,9.610943270000474881e-01
5.826431155608230439e-01,1.093494309645662854e+00
6.388600426360200313e-01,7.466120773448327030e-01
1.356938772830979245e-01,9.148535055390747406e-01
3.908035602751948057e-01,8.059591239290884168e-01
5.799753335923110154e-01,8.028593502629254308e-01
1.361887667099594412e-01,8.489810157516051170e-01
2.694152566590812259e-01,1.151468442343278831e+00
6.480676891299140818e-01,1.198590895298103476e+00
1.297701743908386551e-01,7.397792554116062735e-01
5.006624538433827043e-01,9.084450135393055126e-01
2.011110480574961334e-01,7.658009180610306776e-01
6.007664512160917347e-01,8.057142955854446065e-01
1.567360804181895106e-01,8.283048582131506965e-01
5.426518094026293593e-01,8.647761708703697314e-01
1.344053659990521732e-01,8.004818724901916482e-01
1.826364236633937765e-01,1.199138948086760470e+00
5.933853927064246525e-01,7.689060125648909949e-01
4.238210741908189916e-01,1.130121083657325665e+00
5.256629532263625837e-01,1.200136532409623369e+00
6.119406193702138230e-01,6.640432184504102553e-01
2.467527050059198646e-01,8.278119759755747653e-01
4.860166521988805166e-01,1.052123023670785695e+00
2.733276761137775623e-01,1.020915902051101165e+00
2.914055329638253200e-01,1.033766505674355018e+00
1.635482875808240977e-01,7.424565631145095823e-01
4.401586468479324332e-01,1.137318707784594318e+00
5.723808393183158483e-01,8.454214165480014032e-01
3.222003911405791343e-01,1.025604485362447749e+00
4.391337250999321484e-01,9.262717466969024871e-01
3.972117145635919444e-01,9.185986734304887324e-01
2.388966618100835659e-01,8.463955711045532126e-01
2.054039091135836104e-01,9.390625615239677204e-01
1.759341613216738598e-01,7.804376301439814867e-01
5.334300901140032192e-01,9.006984530420937274e-01
6.164571835156820168e-01,1.204078732581538524e+00
1.818608688210081592e-01,1.080424540190596749e+00
6.421011155021411065e-01,8.238832041570929299e-01
1.321757479845948047e-01,9.417709243396846786e-01
1.321681121767834810e-01,7.630304667698624144e-01
4.088193209695205610e-01,9.618391905258080188e-01
6.414897852645217169e-01,1.118339622781088893e+00
4.975840353644557790e-01,9.555321698625000026e-01
5.146091514641338849e-01,1.067167729840082346e+00
1.415418591114939173e-01,7.816659275443839094e-01
1.378206885373198798e-01,8.831436412709048334e-01
1.800387426353026177e-01,8.677700735422515521e-01
6.172733957057741083e-01,7.990647475319732074e-01
1.567399539475016756e-01,9.508757854696162637e-01
6.415357697151168326e-01,8.656888897904829738e-01
5.848103441269936198e-01,7.102785253556104239e-01
6.401157323730068960e-01,7.523798360966813537e-01
5.346300961233713123e-01,1.052180992048972419e+00
6.392925150448877103e-01,9.080079453811369383e-01
5.976715987283131026e-01,7.709722889691761338e-01
1.273368635487935607e-01,6.783325026400817137e-01
6.259918621352339452e-01,9.016724562123460407e-01
1.312122273489526314e-01,6.741617743819646735e-01
3.364903552697751099e-01,1.136025032793112510e+00
4.312954503843435816e-01,1.021671270745307947e+00
2.239957966693833791e-01,9.613035335849942076e-01
1.317783676775831359e-01,8.168905996889171961e-01
1.477144972158807024e-01,6.670499334100324917e-01
6.061714521412004952e-01,8.161367422199002908e-01
4.128435359850384789e-01,1.158861562979242033e+00
2.854864346633129157e-01,9.521380398050670602e-01
1.302532135677572089e-01,7.158637254003866746e-01
5.551802251025188539e-01,1.180703689975143300e+00
6.415829924312713706e-01,8.611988724135170026e-01
4.359312961355331084e-01,1.042475262826998428e+00
2.911746582773078740e-01,8.112916723474692393e-01
6.234248174065877279e-01,8.492772172957723242e-01
6.364732265036668890e-01,8.088062439594436714e-01
5.949460103147130585e-01,8.358097870837827292e-01
4.976429218353070061e-01,9.369032836844943812e-01
4.356552935374332081e-01,9.974485258646782482e-01
5.658639636285366370e-01,1.166452180469110811e+00
1.342052409016141201e-01,5.614923275008094627e-01
3.340916428995742149e-01,1.033884299095693127e+00
4.624354393221494774e-01,8.967425217987351482e-01
1.339466318611431117e-01,7.493888376955639696e-01
1.461130025684267419e-01,6.628201822635314544e-01
5.844595911273301470e-01,8.337762174522759251e-01
1.413713887012936210e-01,7.493743954395587492e-01
5.423541801247548921e-01,8.939388962977607989e-01
3.295293257657778696e-01,7.548336947847387179e-01
6.357647907430038492e-01,7.224190219752772979e-01
5.731530135195936904e-01,8.569310930044098384e-01
5.696294714697264228e-01,1.060280106376473519e+00
6.397198961669702255e-01,1.079641105192520545e+00
6.390576614444262171e-01,7.966439981125038594e-01
1.959717204927759193e-01,7.902331446612483878e-01
6.270773191206006070e-01,8.363603872212205248e-01
5.607923707983194506e-01,1.133118086254910617e+00
6.066054773393875221e-01,1.010383834139338743e+00
5.999434303229720378e-01,9.419531006560216690e-01
5.989797383479881221e-01,1.045855361883641699e+00
1.456334658753362654e-01,1.182848509904024459e+00
2.271930801867727001e-01,1.026081867858042118e+00
6.054503658636676278e-01,8.264400119280719270e-01
1.518020033906767596e-01,1.072368257799874325e+00
1.444111118887185519e-01,9.916688119164194237e-01
1.310238574579637438e-01,8.055967449396554958e-01
5.190006371752955427e-01,1.029745478803655079e+00
3.270602273099639246e-01,9.353440267848763812e-01
5.580475436836814795e-01,9.021148789564017445e-01
6.343005594873948327e-01,8.558416145983909207e-01
4.429934068554636228e-01,8.569080723244049125e-01
4.205050941042020041e-01,1.196310754914708285e+00
1.355355425335137698e-01,6.420602337006776628e-01
1.460412168985338044e-01,1.017361684456602688e+00
1.453652724616569802e-01,6.931478142705608247e-01
6.356158844249166773e-01,9.769498150906281708e-01
6.408208803895119043e-01,8.679763737552421698e-01
6.099722870554278309e-01,8.703137647071186311e-01
6.222029904750917551e-01,7.790290825315986378e-01
2.161175266161154129e-01,1.076940977559057488e+00
5.563405973494826018e-01,7.847175434519924053e-01
4.737475772498214166e-01,1.058395124342385474e+00
5.301932843871501877e-01,1.001813501336221490e+00
6.403658952428991080e-01,8.685654592875292623e-01
5.731480880476649276e-01,8.803507305280151574e-01
5.970042022681599780e-01,7.525679465953837299e-01
3.856764557670777083e-01,7.977097042740256549e-01
1.330724348021922743e-01,8.287880097222454223e-01
1.383110925238973665e-01,8.040774605344180870e-01
5.888157406236506075e-01,8.399580506188242257e-01
6.332151779062573649e-01,7.180132332052164834e-01
5.764367775160214036e-01,7.669706604608699241e-01
5.409192108440867841e-01,7.608103826143728377e-01
1.574012761650648573e-01,7.301564006495180337e-01
6.299081157970851663e-01,7.893710762612039522e-01
4.267073943862784158e-01,1.100500560177597453e+00
1.413766647921742559e-01,6.881653619998853166e-01
6.361794511200401514e-01,6.699633640088681341e-01
2.668801127394525019e-01,1.208312716413650012e+00
1.400916814850352854e-01,8.002541487312770929e-01
5.512915526284485335e-01,8.460898318715337485e-01
5.037770526144620398e-01,1.089214966388908579e+00
6.320742583835375905e-01,7.615128952516091454e-01
2.307539674627415160e-01,1.189077831525266360e+00
6.023643655399875119e-01,8.771038330059263144e-01
2.692564976525484988e-01,8.494766425824520351e-01
3.867435472722052237e-01,9.777537142396067749e-01
6.429223061279241147e-01,1.089628184409873635e+00
3.641779131169412542e-01,9.792515080117060178e-01
6.341374286226599821e-01,7.703126452605629781e-01
1.974390653485417757e-01,9.467868696903026793e-01
1.533418160402766350e-01,7.992537701984472331e-01
2.656258583706405108e-01,1.033022963573681174e+00
4.234062991908510432e-01,9.539292139346154942e-01
6.118568198486966647e-01,9.254178746790080456e-01
5.815588063100364247e-01,7.715541089077095904e-01
6.392510426818358571e-01,6.987345445379709030e-01
2.556454352697777876e-01,1.025442096691414617e+00
2.876533142611740757e-01,9.343302945436768869e-01
3.451986971804324456e-01,1.199968247538780508e+00
6.384428866255835722e-01,8.943989016383543378e-01
1.670038128794846255e-01,1.011396719314788584e+00
4.674249882448688886e-01,9.165562466610562842e-01
2.799723404959125195e-01,9.366700024220114829e-01
2.344814623168516854e-01,9.041921840369607777e-01
5.298989474016994050e-01,1.044912262564022365e+00
6.386694218529599398e-01,8.306163065636282816e-01
5.836978549893822033e-01,9.315171401046143940e-01
6.385626786952649514e-01,8.256327054374077434e-01
5.873413890704697327e-01,7.981100952213268096e-01
6.285462574800885216e-01,1.196108550249884050e+00
6.394233199865854145e-01,1.031299591453429754e+00
1.355089226985371764e-01,7.044151301077590244e-01
6.380122557533869365e-01,6.956454187074204709e-01
5.017067846675473675e-01,8.438204777834100723e-01
2.868914349479930181e-01,8.705740225836472446e-01
1.682377676305340242e-01,1.037259088678305963e+00
6.178391064416044465e-01,1.201400635697555064e+00
5.612875511710500032e-01,1.023543910378188260e+00
6.352825534009850506e-01,1.049623236841221496e+00
3.290156411920227564e-01,1.142219504844596667e+00
6.043050930230715601e-01,8.535598813848599420e-01
2.107002081994572840e-01,8.980970321323612504e-01
3.252843777997616592e-01,1.083818372616103476e+00
5.484456509617825493e-01,8.658650129080941449e-01
6.133577051472201003e-01,8.265269263780153919e-01
3.076500417298018153e-01,8.645771138871043426e-01
5.084407610037902092e-01,1.041650783304785222e+00
2.450891907143222248e-01,1.073807342954030020e+00
1.381710665094572354e-01,8.788229740916924104e-01
6.415178942319457178e-01,8.271546360275811027e-01
2.987819435184266292e-01,9.674538066085518473e-01
6.419523632439884109e-01,8.726259239308994387e-01
5.968878305862671541e-01,6.396057368905231355e-01
6.271090124090027418e-01,7.942508899287153978e-01
5.393995316543446217e-01,1.050014372840136101e+00
3.768201737435074583e-01,9.757177343335026176e-01
5.231372966976888250e-01,1.194174901602832906e+00
6.358955303414852711e-01,6.542577433397649411e-01
4.696638911791800597e-01,8.753811472562871288e-01
2.169311107000879701e-01,1.160406270923672878e+00
1.437111554588894335e-01,8.181253361675494551e-01
2.734885315056187483e-01,1.026224636954383929e+00
4.191062634087101557e-01,9.126245992564697707e-01
4.097011850250478759e-01,1.063492728365526219e+00
2.486105101546892959e-01,8.984662859768057785e-01
6.415562477484925141e-01,9.352283628457227493e-01
4.308767260117580822e-01,1.022271890457984389e+00
2.609853366836773492e-01,8.244984734384782632e-01
1.277297390722862414e-01,6.778783248304688369e-01
4.423194524395424598e-01,1.052312815347510755e+00
5.650005728372318181e-01,1.181940942030128117e+00
4.313243030024224156e-01,1.016681758568904081e+00
3.048886544674742627e-01,7.812693151541665326e-01
5.282408353267914469e-01,9.645391380712935447e-01
5.452882729555857955e-01,7.532052858635440717e-01
6.162570671589981952e-01,7.860258434531678384e-01
5.165621558497336396e-01,1.025407790357062643e+00
5.901147059961434627e-01,8.210472829785931959e-01
6.380359113487191758e-01,7.176128813768521963e-01
5.874862978281707449e-01,1.024005981354489059e+00
6.374310147641532032e-01,1.118003167744831883e+00
6.291591376099440192e-01,1.072752174071630371e+00
2.000954128808965504e-01,7.885966029680603340e-01
1.801896587734189981e-01,8.346848300758574757e-01
1.342353544031088530e-01,8.430103948287819282e-01
1.948431398570154571e-01,1.193013674145888992e+00
2.781671725846134313e-01,1.144511576037394285e+00
6.070924199021465739e-01,7.105553773012375229e-01
5.297525655666014410e-01,1.091053858061392434e+00
2.458075484687890222e-01,1.192493323250900294e+00
2.447574029362449832e-01,8.368498064899634326e-01
6.339327102532987812e-01,1.118887305841874458e+00
2.061744667306653067e-01,7.261500043977886509e-01
3.582069485236806794e-01,7.225864976945867157e-01
1.292172133618161023e-01,7.041068431939828676e-01
6.255293630522966719e-01,1.018633346184410371e+00
5.345406665577064897e-01,1.154032130985977123e+00
5.888998710009737403e-01,6.173313106279834095e-01
3.129911945503263682e-01,8.235221020439531525e-01
2.382989985379294906e-01,9.096104633896271441e-01
1.557557576175469805e-01,6.461937188165433055e-01
6.158097739432456530e-01,8.306187419040110820e-01
1.885091236906233647e-01,1.058193821633211407e+00
5.655893511742026147e-01,7.687426937002473926e-01
3.160896990705632237e-01,1.095601969484190974e+00
1.430153035038414233e-01,1.129013793268375698e+00
6.243528849116051216e-01,9.754057799085734670e-01
3.693547564972797792e-01,1.133172594903343322e+00
5.526580957869535737e-01,1.142164882355047428e+00
3.284606132783287058e-01,1.063330579767723938e+00
1.333739284374498568e-01,8.502114957066565504e-01
1.300803556975445308e-01,7.891050594264604756e-01
2.572298842040471323e-01,8.308345434541660746e-01
5.828283743099089698e-01,1.065198434705910024e+00
2.229679040597332129e-01,7.183186311267117929e-01
1.293176142644069104e-01,7.414514994648689905e-01
2.724056322152348941e-01,1.185297757539544472e+00
1.696544603819188091e-01,7.652524004225585985e-01
6.187444239347416053e-01,8.674000733335516244e-01
2.252863135679751827e-01,8.056693761855397984e-01
6.392004989942137172e-01,7.900099267101494682e-01
1.802231794049755365e-01,8.217649205077569574e-01
2.516328224849266326e-01,1.162588898327206799e+00
4.472658147759231984e-01,7.900809124877824496e-01
4.619555953732939479e-01,1.199453947993886382e+00
2.786452214467026178e-01,9.348163450855530021e-01
4.135771800310042989e-01,9.354879057811570364e-01
5.845405193402828381e-01,8.928758772289659973e-01
6.037990199350068421e-01,8.695415871743027436e-01
5.005307369352585134e-01,1.069693169680129952e+00
5.959492493196708596e-01,7.172852218879448571e-01
1.941839449226740455e-01,8.728733056887335584e-01
6.390056655028885091e-01,9.097622204297677317e-01
6.352591730877730214e-01,7.256661795841098384e-01
6.267807844915012083e-01,1.101867609988656405e+00
6.004616202403229019e-01,1.143685784236496250e+00
5.234866028777070968e-01,9.679343012715526662e-01
3.092457979011585811e-01,8.953227458993011645e-01
6.381099140861477004e-01,7.036684320585220309e-01
1.887520913437831238e-01,8.063911043572913329e-01
6.006810635975046164e-01,8.352240950536831132e-01
2.971035148944448645e-01,1.199919709268073120e+00
6.139462131002023648e-01,1.045722897874688861e+00
3.998200708353275568e-01,8.342029129662545950e-01
4.535209186316613850e-01,8.967634714925472039e-01
1.958772730271946261e-01,7.234760124794658021e-01
6.397152230099513170e-01,7.158522498397035250e-01
1.307841045848152361e-01,6.900336903158782453e-01
6.200426251629175267e-01,9.345413998682866596e-01
3.857160271491160697e-01,1.057955447552132000e+00
2.544738016017252802e-01,9.390190670958987740e-01
1.341985930286485884e-01,7.986306245668304271e-01
1.417939360172752739e-01,1.178367503638866109e+00
3.975582139750993838e-01,1.090114900843379031e+00
6.222207240669604955e-01,8.538206657250121401e-01
4.046177005853777153e-01,1.058818431638008262e+00
1.299685448043144953e-01,7.473050889795896934e-01
2.036932963333492330e-01,7.773561155971261405e-01
3.821745669786362765e-01,1.009926417034448631e+00
1.779935925544323672e-01,7.440990019379225551e-01
6.272949395430988950e-01,1.093773654621086333e+00
5.653718641210344620e-01,1.160277123820112388e+00
5.039929808719807447e-01,8.312024477734140104e-01
6.234469621332973110e-01,6.926611373489217627e-01
4.092790535524478690e-01,1.180081242437341027e+00
6.385513902712179890e-01,6.982852783263255869e-01
1.344843123666728535e-01,1.129033816699035020e+00
5.017808991203468461e-01,1.017112129214274407e+00
1.416671350361038417e-01,8.211553752226267155e-01
6.383787400182717731e-01,6.991815533042522457e-01
1.868937058873176016e-01,9.760098259757992167e-01
1.696204172308958258e-01,1.203266886912312206e+00
5.744868944482225404e-01,8.301528930799521033e-01
2.944801966461736420e-01,9.627518896210303101e-01
6.185708441727855167e-01,7.410200536990280140e-01
6.235888476198518937e-01,8.546169421362678209e-01
4.952700426046409143e-01,8.557307148639932137e-01
3.073114861608525761e-01,1.079957743707393725e+00
5.150813651691108497e-01,9.220324115077768168e-01
5.968006885867345179e-01,6.994221297827449835e-01
3.179235476687438666e-01,7.876074383207024576e-01
4.747801764414157910e-01,8.630719116931830914e-01
4.195143299291022587e-01,8.487899478748659465e-01
6.187973326723675838e-01,9.137266504384249366e-01
5.919325956774724729e-01,9.352657534255407468e-01
2.554863583287348416e-01,1.138822155412190007e+00
2.831146804316831411e-01,8.876055661515349637e-01
5.208514886777338981e-01,1.135599593117821549e+00
6.186097941000371359e-01,7.806164473265718717e-01
2.817751392191278348e-01,8.652058648986251654e-01
6.443247280458410664e-01,1.036801310711533475e+00
1.497710096768959664e-01,6.718755052524415516e-01
5.870842959133339978e-01,1.183424430020162843e+00
6.005487280177396192e-01,8.134163730444144980e-01
6.238250317018821933e-01,9.803719502822947351e-01
1.349993746140807083e-01,7.275757011524116580e-01
2.859742023667036226e-01,1.007107482496077067e+00
6.383781556234093824e-01,1.201984929657297529e+00
4.080960461409308682e-01,1.013052828192052113e+00
6.428150623336298386e-01,1.079384131681941472e+00
3.737146418383617275e-01,1.167115298457392036e+00
6.215549029348106380e-01,7.096273545570777053e-01
6.359070643135138479e-01,7.642617012369491425e-01
6.026249150406193245e-01,8.554932767025429374e-01
1.315333141365242209e-01,7.975961121830159595e-01
6.313650595509344710e-01,1.191492737440583927e+00
1.734015335512747447e-01,7.842095944686287012e-01
3.395370057838544842e-01,8.965991417840324385e-01
5.669682909160911333e-01,1.014463338007656423e+00
6.419312888026613706e-01,8.192878850714987449e-01
6.127874092463634348e-01,1.040508217205514008e+00
5.685954207582714082e-01,8.074057094907028942e-01
2.301841928620306232e-01,8.828807960955646905e-01
1.274807797428620382e-01,6.896155811589791407e-01
2.563377246600553883e-01,1.112736404105840071e+00
6.373573961580090153e-01,6.973589690098090932e-01
2.158794732040092146e-01,1.105441412466232620e+00
5.661703136144154991e-01,1.182479974623083185e+00
5.554007254696577967e-01,7.165880936040749383e-01
6.360727888445427691e-01,9.481466090415919812e-01
6.136475388987225887e-01,7.940070105765931752e-01
6.280608860674864458e-01,8.475719926878131361e-01
1.757901991055206836e-01,9.409341921204671388e-01
6.152787362447482700e-01,8.167819812087802056e-01
6.342008646767598457e-01,7.676714186123969608e-01
6.270239697174286864e-01,7.949577065612930538e-01
3.911460842929695425e-01,9.325624066592119732e-01
4.101139238582586777e-01,9.472552574075336906e-01
6.052445524179217440e-01,9.937133591632116847e-01
6.317750647474388304e-01,8.079861693905198150e-01
4.877641296761665579e-01,8.838169696511717355e-01
3.311066250830915769e-01,9.784833159361717714e-01
3.799522791957858359e-01,1.118073965818320969e+00
5.745718511411631590e-01,9.620243939800590116e-01
1.350280203287390346e-01,7.987488490003245012e-01
6.130465041551770300e-01,7.088482703459851875e-01
6.158871107606994633e-01,7.702370789150413399e-01
6.201571267865592096e-01,7.174367071841090127e-01
6.075233279141313281e-01,7.742990639619218296e-01
4.191485421640887554e-01,8.671119761811368898e-01
5.503594315779597457e-01,1.025196146064745628e+00
6.468287923714223231e-01,1.148676305330312175e+00
6.353768944632945948e-01,6.632861472881234066e-01
6.285605692599489647e-01,6.559088900571177216e-01
2.769111298765196683e-01,1.115284765814105183e+00
6.360631533628662293e-01,7.103123062687075606e-01
2.401441129170777400e-01,1.029751822023200702e+00
2.527607019925998677e-01,9.476350158327961903e-01
2.726020188335775418e-01,9.324669151168455405e-01
6.467197695916527822e-01,1.196769768017694080e+00
6.333719478401493852e-01,8.710635599009949326e-01
5.938266026208723902e-01,8.134128223613064090e-01
2.471979076252898977e-01,1.012512406785591956e+00
5.837635173721804627e-01,1.048500769780864372e+00
1.321609610331977991e-01,6.734495204338599716e-01
2.636556448317495804e-01,9.919934799597267538e-01
6.375327808758534109e-01,7.084552980328429062e-01
1.849449111855559491e-01,6.335861160249445234e-01
6.397095419972205210e-01,9.568741663924623664e-01
2.657117132702561668e-01,9.677330866371017803e-01
5.194649992851826381e-01,6.908559470898739674e-01
6.119080035046464694e-01,7.717051262671198453e-01
4.133042700835334315e-01,8.718714879575099053e-01
3.013299650032826293e-01,1.002519948357063040e+00
6.358618390795424125e-01,9.573020670566707579e-01
2.186532301320859573e-01,1.015429748116813968e+00
4.966472479609586599e-01,1.077402606282384268e+00
3.209969942817343380e-01,1.125360774473562975e+00
6.255725912088414553e-01,8.593154837717483785e-01
2.360162485258405773e-01,8.300049857526888841e-01
4.984292577037043870e-01,1.016484238267390650e+00
1.364589537843325928e-01,1.001374342817245244e+00
1.585868492622797832e-01,1.149641172180399407e+00
5.259661156191592912e-01,1.198658668876825928e+00
5.735282800426618754e-01,8.460320798201161896e-01
1.989621643025673292e-01,9.791971180239213979e-01
6.305035862560576243e-01,8.209273943855318612e-01
1.850489317881596762e-01,9.196703465010812595e-01
2.741942213999350453e-01,9.487229325454441531e-01
6.045125509413266096e-01,1.154237479115814313e+00
6.293224668482310102e-01,9.256787719727186392e-01
4.282983581491488501e-01,1.207514263028172330e+00
6.445751753185277044e-01,1.183640830046667203e+00
5.953855855640609596e-01,8.076808256885698034e-01
1.639303468841286915e-01,7.277663286112222574e-01
5.776270073899135715e-01,1.198397053105132670e+00
6.480288966427422137e-01,1.171594960173701683e+00
1.732736069156630143e-01,9.327736253565658275e-01
1.810547165384526480e-01,9.870756716828870125e-01
3.299245165718103223e-01,8.786324464317278871e-01
4.843903068646615573e-01,1.183538483670621533e+00
5.888998599639893028e-01,9.897117979657866771e-01
6.325329410552756881e-01,9.606873850477423149e-01
6.264882254836269260e-01,1.070401087064229761e+00
4.983634303999173731e-01,9.600704373815451831e-01
1.685103325648023009e-01,9.521837149285751201e-01
5.418493587464247030e-01,1.062099940461477710e+00
1.312584114564209758e-01,6.666066773907708409e-01
3.917894515935970157e-01,1.147983924970804370e+00
4.164014268140680541e-01,1.173646498450140685e+00
4.074576141149666153e-01,9.358747962312661262e-01
3.279174865656639959e-01,1.029075128872451783e+00
3.163204091738573420e-01,1.188361088092209750e+00
4.722468946373699628e-01,1.193893532963625770e+00
1.486281986805524924e-01,1.194522224475425665e+00
6.370731806785884244e-01,7.566002854618217865e-01
3.810151916058856503e-01,7.448729214963670797e-01
5.276770869714600964e-01,9.843863388312891205e-01
1.845557598024195889e-01,9.503178065765867100e-01
4.454562407772388322e-01,9.069673426220687951e-01
5.497483548793187236e-01,8.958171496218038099e-01
6.393810909800877740e-01,8.528929479291412763e-01
2.584573548437136825e-01,1.079603904365121325e+00
6.193695967458626717e-01,8.351455457858256715e-01
2.625146731351256646e-01,8.155898312755753832e-01
5.752616645380026483e-01,1.016111918986186691e+00
2.256838503962392550e-01,8.859138002699779024e-01
4.131177007694868952e-01,1.156746789951295984e+00
3.601105909592472454e-01,8.960890901330901270e-01
6.406608806682485557e-01,9.306386529583471345e-01
2.771860594744042228e-01,1.194895506711461719e+00
6.125083001164555174e-01,7.302971448142755451e-01
1.322062083235706897e-01,7.833234962820719849e-01
1.490268988126627614e-01,8.416334231207145411e-01
5.487941413779925393e-01,9.411715241616935845e-01
4.765034321780821647e-01,1.192098545342436200e+00
3.580944920037735235e-01,1.063085354514685665e+00
2.259529534451198418e-01,8.671669401067508831e-01
1.689999717772977805e-01,9.815589041731048736e-01
4.236308269941851945e-01,9.976315532179484968e-01
6.334925713048757956e-01,1.113353909855529622e+00
1.966454981031905414e-01,6.746881676530024352e-01
6.404800127282335165e-01,1.136140401862383964e+00
6.038501241263345420e-01,8.724930982832072024e-01
1.638467189494629550e-01,7.073149454717280182e-01
1.799803610922124930e-01,1.039033207659976199e+00
5.913854433897323126e-01,1.139958367541221929e+00
1.695869046876105068e-01,8.210204856407834484e-01
6.393640256704573588e-01,7.952099944428316913e-01
2.209553275258681893e-01,8.295115066711886698e-01
2.536485940712375764e-01,8.462531759585174562e-01
3.035122069777504983e-01,1.182525777964306357e+00
1.499614643729296204e-01,9.675681861381222326e-01
4.351651969322840041e-01,9.695731074087663437e-01
4.574935578910634404e-01,9.077526793493283508e-01
1.334849235373752330e-01,7.742032113556283068e-01
1.282508000484078869e-01,6.801098793107296370e-01
6.222999989336159832e-01,8.614696420691223544e-01
1.681787384704475641e-01,8.176537606033412731e-01
6.435881943094453606e-01,1.035392365834167716e+00
6.331023724216621185e-01,7.671848721080419820e-01
4.145633037701846324e-01,1.174078530994272063e+00
6.331567836776729186e-01,6.833536430233377867e-01
1.329149192213737452e-01,8.988785686001590225e-01
2.388780321729968015e-01,7.802415420547514913e-01
1.314511675534365265e-01,8.344776270232866500e-01
4.331703324269141064e-01,9.980588335983944237e-01
5.615887055502403191e-01,9.787917725505268507e-01
1.522771177080522731e-01,8.820057468699250558e-01
6.065062900391319234e-01,9.616062397011985174e-01
1.895235143595407901e-01,7.515982953761135565e-01
1.472570517487050701e-01,1.145479114226033657e+00
1.338772289463245335e-01,6.506046268030563073e-01
6.378876868101643893e-01,9.500857920091485553e-01
1.619458868560224307e-01,9.712221467460512292e-01
4.183551810553003403e-01,8.341830155966489802e-01
5.115787159699043407e-01,8.614553734808472196e-01
5.574373467513212832e-01,1.139535881123100003e+00
4.909603351894155643e-01,9.614940153838741344e-01
3.578734059768921560e-01,1.082035169240241235e+00
2.950123384025869488e-01,9.804104013508561088e-01
4.073116673342171978e-01,1.136150251339191675e+00
2.520484832461641900e-01,8.656486122460582688e-01
1.463509861513875576e-01,7.482714811743704786e-01
1.761784462158358100e-01,1.198553849626000645e+00
6.351368675075208525e-01,9.241795049010907981e-01
6.366189864870895887e-01,1.122776122355895190e+00
6.355992553002077772e-01,7.197703584332052484e-01
6.324406032860749871e-01,1.201889958148696147e+00
5.270209128119895947e-01,8.880869758062358565e-01
1.689568052025539613e-01,7.247884711878913588e-01
6.078994689701318066e-01,8.236109573170138365e-01
5.664305971071733614e-01,9.609203371449165365e-01
6.431664127262374242e-01,9.864282220943616508e-01
4.263903423021543904e-01,1.149409105694228606e+00
2.100901028322568198e-01,9.332808813377048152e-01
3.025845175154907585e-01,1.070736957889232954e+00
2.181177063208380174e-01,1.196814262389742867e+00
6.324052401098465559e-01,8.821608502761512094e-01
1.923287654338486363e-01,7.222073379686229089e-01
4.056442280878082007e-01,1.072915697795312262e+00
4.282129609743031140e-01,9.978282794092843133e-01
1.923135939027985353e-01,9.124801943335199006e-01
1.797800140894998122e-01,7.782248000067718552e-01
1.614580233060537162e-01,7.127250921576003817e-01
1.902128164318001025e-01,8.417707893080624837e-01
1.350674119405052276e-01,7.359561125066410581e-01
5.509731664690949993e-01,9.883193740750264578e-01
1.366717986195934986e-01,1.109257587494929087e+00
1.368626300993372458e-01,7.035758090319331748e-01
6.368523386877661396e-01,8.082569550922172885e-01
5.715984781197179787e-01,1.203689270944686696e+00
2.638713799487056866e-01,8.678628668971437587e-01
6.376013593604130669e-01,8.615515961536801548e-01
5.811807814326851451e-01,1.170029543636372571e+00
1.648579837245846280e-01,7.124041796276034955e-01
2.089346287732279650e-01,9.498555286533854058e-01
1.584886075774898373e-01,1.185670817922821918e+00
6.364580210696039186e-01,1.189411100378171993e+00
5.895608697281655708e-01,1.175442317036396567e+00
6.266088489248295978e-01,8.346518128394510017e-01
2.683684567889201289e-01,1.032738899630714524e+00
1.662012220880333957e-01,9.350837764225158333e-01
6.233968678521956130e-01,8.490952451201901896e-01
4.402456949894018590e-01,1.201991383041699502e+00
5.900320400433044510e-01,8.239350568493267746e-01
5.789597103108280463e-01,8.057125442219211786e-01
2.644935819109439090e-01,1.205162942724007369e+00
6.206606879994389647e-01,1.081201488500314722e+00
6.443723999920736301e-01,1.053764105692183817e+00
6.282033980217003322e-01,1.044920890251369139e+00
1.505714169279724346e-01,1.087667001029845260e+00
5.108653913212876096e-01,9.063511344481224308e-01
6.407520143575189397e-01,8.778741697104364139e-01
4.660046103383807536e-01,7.210556204366000976e-01
1.417398263363599253e-01,1.120200398731818314e+00
5.585313536306423243e-01,1.179878923969644999e+00
3.970713338238184287e-01,9.461031123217800154e-01
6.307835750345320847e-01,8.896867415065207174e-01
4.086467868647307156e-01,9.764962701772653686e-01
1.721354275542547607e-01,8.396566872851428665e-01
1.610304205796886101e-01,1.101489324141665671e+00
5.982318050832342582e-01,1.080548828116106419e+00
4.154826180912936096e-01,8.643455584949260029e-01
6.151534248430502450e-01,7.912003475970693644e-01
6.150905770600396671e-01,1.177517218484320560e+00
5.263740587817529182e-01,8.295828759112474637e-01
1.743047915518231850e-01,8.097221595041328435e-01
6.463572979032585764e-01,1.159453045424702955e+00
5.771937167890359710e-01,8.697533692392472870e-01
6.426058849670781559e-01,1.086346794905826751e+00
1.625369141763243208e-01,8.331283105069505757e-01
6.413144809783133393e-01,1.182438665005692169e+00
6.124182018978509001e-01,1.194504391174729951e+00
5.213763495601624331e-01,1.194183063262307165e+00
4.081558869145844315e-01,1.088379362109864079e+00
1.778631146678244790e-01,9.081400917285130658e-01
4.859883591823818683e-01,1.196723881279060153e+00
4.951883856614238688e-01,1.201690108900979048e+00
6.020835750942097331e-01,1.203739697257892871e+00
3.504777411710792157e-01,1.102214214166860273e+00
3.099495758764180264e-01,9.548170550814480961e-01
6.234900814338368846e-01,9.475155557203146506e-01
5.996384141740361828e-01,7.836802290035337348e-01
5.310679252313229570e-01,1.039161110470933069e+00
5.980625540859890732e-01,8.377012514043375990e-01
1.846013056382063422e-01,7.405826688831563809e-01
3.523417515549214230e-01,1.199390805372578139e+00
5.602406580888420473e-01,9.082534971676802238e-01
5.239309920431526324e-01,8.431022918651656095e-01
1.265271264789991079e-01,6.198737629840729291e-01
3.605606706998699673e-01,1.091339082423927076e+00
5.469777504268142909e-01,1.102946419721193783e+00
6.394318218451523483e-01,1.083212120449191795e+00
6.103526619787636998e-01,9.151311840791398478e-01
2.603981937930705537e-01,8.256620500544311625e-01
6.397857569771654429e-01,9.035589829008474627e-01
6.395027505457424599e-01,8.095975019344341383e-01
6.376095133796206849e-01,7.171520925642103084e-01
5.967544671144310309e-01,9.144848790078753398e-01
4.798646067929968617e-01,1.204978974578148065e+00
5.951945706481536202e-01,1.120195114763152144e+00
6.317147628567356676e-01,1.016219275657401999e+00
4.333752533097453008e-01,1.079254879621340146e+00
1.930902239158051870e-01,7.076387189661065280e-01
2.552767327519748775e-01,8.038360601510270431e-01
4.862467067278404276e-01,9.757898277385304020e-01
5.481726369733539439e-01,1.198075888819997825e+00
5.754112305141566575e-01,1.182301877633907150e+00
1.662090175594016228e-01,7.725418880444464564e-01
1.633023931578590215e-01,1.162940150947951112e+00
5.581941271560602047e-01,9.521274139331832309e-01
5.257653221774978292e-01,1.021413580301018031e+00
6.208516691428530576e-01,9.234381864985330424e-01
6.439454704820424258e-01,1.082173022970344789e+00
5.610364612993429256e-01,8.189816610467064439e-01
3.599742329328121659e-01,9.730415153089050362e-01
1.478351731075006059e-01,1.003250072925806258e+00
3.188030177715756031e-01,9.821638868779695164e-01
1.454289910591549662e-01,1.172127712820599799e+00
6.249934681797144620e-01,6.956904294160526359e-01
3.098866834530412118e-01,1.171443365433554096e+00
3.096481091023219889e-01,1.083527180824028768e+00
5.091703285967700277e-01,9.546894613784983052e-01
2.192732835448692741e-01,7.493701105439705135e-01
1.986605449983878946e-01,7.284086021974512937e-01
6.408854899184006637e-01,8.803733268333489015e-01
5.969025280069879535e-01,9.060477020015761385e-01
4.271646702090401981e-01,1.141935190845758230e+00
6.263807951755576697e-01,9.212265412909991236e-01
6.419418545051439606e-01,8.345137652740858281e-01
5.726749988827695148e-01,7.595064064707193197e-01
5.312701673223052534e-01,8.740998446133579902e-01
2.614773301258914717e-01,8.446390669260336326e-01
4.684162472940657240e-01,1.032363469285675572e+00
4.013215846957008948e-01,1.076890440205340749e+00
3.861477486342886900e-01,9.718414534871209209e-01
2.464998399746056723e-01,1.068132104058195253e+00
4.863125174591281241e-01,1.200057585865358378e+00
5.886032670723525539e-01,8.058610494526144974e-01
1.598166383511588629e-01,8.387981948981473312e-01
4.965301410496105738e-01,1.076705187564801713e+00
6.117814962115690758e-01,9.775858103818758638e-01
1.359100906325705349e-01,8.372983003419416370e-01
5.712088435455471291e-01,9.031134156800013635e-01
4.684054733830884665e-01,9.631711969229739267e-01
5.197317780675965171e-01,9.860773185538878050e-01
6.410945688091065353e-01,8.588545547446803097e-01
1.490618233428055717e-01,9.194759866684834027e-01
1.559689929095172400e-01,9.049985550541009838e-01
4.034586100839907541e-01,9.214384919051892275e-01
6.399694606770811589e-01,7.394422612948252649e-01
1.443441467531478284e-01,1.119421374825301241e+00
5.543791699875957324e-01,6.747111486833577976e-01
4.869779237892011836e-01,1.017307544039564693e+00
3.409307573304061201e-01,9.057292820787780085e-01
4.836917475385101306e-01,1.175374609607471088e+00
4.129896070313542888e-01,9.055268512084093668e-01
1.426307695702813128e-01,1.205890247611223431e+00
6.349780762141227219e-01,9.606015877192816133e-01
6.389392536560335456e-01,8.288654144198885909e-01
6.364241823105971640e-01,7.399592492835428414e-01
6.366956629033426740e-01,9.057689531468551269e-01
5.952454774467149656e-01,8.980681401863829239e-01
1.601862942816297819e-01,8.860717494356270540e-01
5.326942333973591071e-01,1.050249521556544829e+00
1.373687231977126499e-01,8.364546404765897947e-01
5.775887110842871097e-01,8.445042200364941687e-01
3.936271809536230348e-01,7.943175242676042691e-01
1.481699162390586466e-01,7.700096652831139865e-01
4.800865235897813776e-01,1.027764713333766844e+00
2.511025618958391270e-01,1.023221460166526597e+00
2.468474962493163172e-01,7.926148381012806388e-01
1.775799438706361366e-01,8.167686231410455910e-01
5.893092455299412391e-01,5.667407121831932182e-01
6.395151915581966939e-01,1.015443448118931613e+00
4.336383315848969522e-01,1.187443592992114771e+00
1.310410827855657823e-01,7.139115709996207704e-01
3.782966158562132697e-01,8.114860595352197947e-01
4.320532857454035813e-01,9.029303304674125563e-01
1.913678977771828826e-01,1.163115345590658212e+00
5.864641317647645291e-01,7.411815943444933774e-01
1.773874909381264464e-01,8.256494201884194695e-01
2.591320628956343963e-01,8.379676297749215630e-01
5.015147993697260942e-01,1.031706101884117821e+00
6.132951414735106077e-01,1.035103920399921273e+00
1.325291471295666490e-01,6.615991067765305544e-01
2.205530527744880565e-01,7.665703357367313897e-01
5.011779997279383059e-01,9.444823497840230120e-01
1.299549945823884334e-01,6.818363135621664517e-01
4.267274082622588005e-01,1.135424749557258695e+00
4.665612500123229034e-01,1.058230083522158749e+00
3.552272870949265138e-01,1.206512982750343355e+00
6.196763823123251358e-01,8.479495625113691037e-01
5.832328113343752118e-01,7.311096059299594385e-01
5.086451272324976625e-01,1.014982750543329759e+00
4.742396412140506001e-01,1.122074242406849054e+00
6.405502639184642577e-01,8.411804077194077189e-01
2.686698301356840179e-01,6.923777990991648590e-01
4.826889150257206995e-01,1.188242816776308608e+00
4.153461539406539393e-01,9.253492543135221071e-01
6.383195532084604551e-01,7.119159976163725867e-01
6.377969086210548699e-01,1.014876970699758685e+00
5.988851083127708641e-01,8.560850564381830008e-01
1.417225018673661796e-01,1.014411087614017548e+00
1.370296246752508718e-01,7.205538191009976945e-01
6.230239136610795647e-01,8.970231282615916957e-01
1.907090059977415986e-01,1.047331731240430663e+00
2.532662763991931354e-01,1.123950013146036264e+00
5.644242411575808305e-01,1.155088589713312297e+00
6.153291816744006493e-01,1.164836276869026799e+00
5.028776402719443706e-01,9.931082122410789248e-01
6.210089539259968650e-01,7.084649897177973665e-01
5.691358554836208894e-01,1.188412942881205803e+00
1.989954106770154829e-01,8.619616363249857915e-01
4.419944956581129958e-01,9.825382664122120913e-01
1.353917330504086358e-01,8.587260058613837010e-01
6.368944340752397126e-01,6.986186138402815660e-01
5.949414666638432880e-01,9.180204323551469647e-01
6.073002657137624993e-01,1.193099489083942144e+00
3.276739442158927429e-01,1.046722245875729040e+00
5.419114030961439399e-01,9.690279386985416465e-01
5.278335031926152388e-01,8.541232187792937580e-01
1.569235531971050757e-01,1.060858143384750374e+00
6.416747467386808568e-01,1.202822437072763595e+00
4.967435476508093584e-01,8.587839608528192725e-01
4.656237321962791165e-01,1.194181896958101730e+00
5.592249869132039919e-01,7.292035147714220900e-01
6.266689828421369013e-01,7.933788604501940123e-01
2.945364276416657656e-01,1.031713141573614267e+00
6.419927684433764936e-01,8.239870262225508224e-01
1.373557353102068113e-01,7.089254083496190351e-01
6.441595396692935127e-01,1.009201503882613427e+00
6.443056142872173320e-01,1.185798656087351910e+00
5.779368649466291030e-01,9.170364339006610299e-01
1.837850194045325403e-01,1.173798514586906094e+00
6.314028888550170526e-01,8.093974610439159667e-01
4.576813799296871599e-01,1.078184870601923695e+00
1.589294783049094995e-01,8.032058566659748822e-01
6.084080578219107638e-01,8.220140397217533534e-01
2.848046663547812440e-01,1.104837489719892485e+00
6.026273294181367923e-01,7.962442057435732412e-01
2.186833570431633567e-01,8.375397119415932679e-01
6.412604261104641878e-01,7.811713868531799942e-01
1.523365081587305381e-01,1.144257157055429408e+00
1.436017934437117116e-01,9.494819660371777159e-01
4.264837340576806413e-01,8.900597016528760674e-01
3.340620172892863615e-01,9.478909647678552819e-01
5.261349929512171286e-01,1.202723551173996208e+00
3.148121396654544601e-01,8.367836546104909790e-01
6.303835663426393676e-01,1.019986369889138267e+00
2.634130463849694848e-01,7.795991318302823991e-01
1.296697964759787325e-01,6.286748450500618812e-01
6.338692697622312355e-01,1.010895606023775706e+00
2.741056501972903847e-01,1.201425690505962818e+00
1.321295520256084988e-01,6.769198955879687229e-01
3.243354149758770899e-01,1.007547466069174780e+00
4.995111272100183353e-01,1.152731885463606165e+00
4.596131762705129020e-01,9.257951995258786315e-01
5.755732272889085843e-01,9.421690448987029010e-01
4.009241884510240661e-01,9.633053732457530494e-01
1.305672382304017276e-01,6.540094867703442061e-01
2.813368680095594265e-01,8.082176067028334909e-01
1.307300878707249037e-01,6.537366874308866427e-01
6.396534084792948605e-01,7.101107096242783578e-01
4.388188590502607456e-01,9.745063521805463758e-01
2.012157501039669449e-01,8.889680626293063881e-01
4.029333054939422398e-01,1.046959458494200801e+00
2.431817876929321109e-01,8.509339580971214678e-01
3.152067266237643106e-01,1.205993761141355813e+00
2.467807476915054588e-01,8.497065529863172539e-01
1.512689754270331588e-01,9.772759757218045795e-01
1.599159887639036437e-01,8.410992913317228981e-01
5.912946858909540193e-01,6.933564737863148197e-01
1.610963783454618659e-01,7.701848895810935458e-01
2.735811862798831484e-01,5.430866254785298164e-01
1.527715043067410516e-01,8.814166819334764424e-01
6.201326907796032017e-01,7.911296720726489484e-01
1.881099275061541287e-01,1.076094480971763190e+00
5.595070992296091728e-01,8.160994977313098531e-01
1.300857674556438470e-01,7.085382157677957427e-01
2.901937049768720245e-01,1.156499392734689380e+00
6.388233862862349177e-01,9.250031204140140018e-01
6.404029048837405202e-01,7.990261387615227306e-01
3.600107964513776793e-01,8.637098722026814723e-01
1.871408257673824460e-01,7.990442073650471100e-01
6.396360541829121393e-01,8.288006793381100801e-01
3.947021410029745714e-01,8.972796722627596200e-01
1.335824302097405603e-01,6.609232304909862243e-01
3.571571546270541631e-01,8.945561536132017322e-01
6.191266276244007383e-01,1.198584806816147541e+00
3.168868236394261073e-01,1.132869669786470634e+00
1.435293476651669231e-01,7.377662457952289810e-01
6.234723641268162808e-01,1.166060843141227377e+00
6.394523792244247717e-01,6.869782097979800772e-01
2.905504398401569377e-01,8.205613694746251019e-01
6.035864518759538333e-01,7.819142181852264395e-01
2.807657607835186697e-01,9.247471099148614204e-01
3.143298922852300059e-01,8.014560264452873506e-01
2.510293592418319508e-01,7.768241839692898720e-01
6.422760448881521533e-01,1.009238519519252142e+00
1.598563107886769863e-01,8.259125399278108848e-01
1.380252753176076930e-01,6.926439202133628514e-01
1.340852706841016984e-01,7.318933281086306142e-01
5.725757803919796496e-01,9.150554922887321752e-01
5.812436681677868311e-01,1.200821554371819921e+00
6.408859898786022358e-01,7.545329412078820575e-01
5.468012516633812270e-01,1.033439606763923102e+00
6.322855687603829988e-01,8.838964979762542473e-01
3.471158419339294143e-01,9.834185011821708899e-01
6.348997715142219445e-01,9.957623253831906496e-01
5.392524761627401908e-01,1.202221354704301470e+00
1.359575573194260756e-01,7.692226606032427361e-01
6.302690064517106894e-01,9.745026269627491411e-01
6.281546578207929388e-01,7.060505239523938714e-01
6.105731902625509688e-01,1.128597706288489322e+00
2.975011805626647243e-01,1.146321758498888066e+00
1.355111814020528160e-01,7.537336522522811721e-01
6.417020754852847952e-01,8.514350244122564915e-01
6.095310759172061221e-01,1.121118709837909178e+00
6.258493807667248054e-01,8.682689248160091466e-01
1.305816441232950931e-01,7.182016197777006949e-01
1.418435811706032779e-01,7.227542366603759705e-01
5.951229664691497501e-01,8.300299139747326915e-01
1.344571109075423099e-01,8.373258025602343668e-01
6.197860287561806070e-01,7.824795153175444495e-01
5.129257960223747581e-01,8.936692532952480450e-01
5.035096104962607511e-01,9.655438104547638956e-01
1.359429049777002851e-01,7.185177812998366775e-01
4.072770947919337470e-01,1.043244488175195883e+00
2.147566761410627800e-01,7.148624326039058063e-01
5.778097890222404498e-01,8.184135078782565076e-01
2.591487827132220034e-01,9.149930517336333224e-01
1.594253085302331230e-01,6.506756789075409664e-01
1.808278903074188593e-01,7.424022213523839842e-01
1.577395568813018401e-01,5.999034649694756638e-01
1.984928039817155654e-01,9.628098118423209506e-01
6.317292377344785326e-01,9.405615297479472670e-01
6.324970673200924765e-01,7.643320482300435259e-01
6.221821572376955434e-01,1.059617302501313141e+00
2.421233323667402737e-01,9.149999118053727676e-01
2.463606351538246420e-01,1.162314245155121162e+00
1.556442806700398251e-01,8.063453168079146582e-01
6.427964119354918626e-01,8.911975004223656738e-01
6.177162549003424319e-01,7.805938127454180586e-01
1.348624153363374434e-01,7.636656864886984808e-01
1.870270769261130894e-01,8.868006294041819171e-01
5.686011151068669500e-01,1.054945296148714240e+00
1.499591491561533818e-01,6.472268887050816044e-01
2.807765994283276667e-01,8.827777129132468037e-01
5.822235125408381506e-01,7.396040421052186842e-01
5.975168062607252306e-01,9.332302048429438335e-01
5.590159096583098286e-01,8.499428533305481981e-01
4.158378203980333532e-01,1.165451489928120976e+00
6.219230171569720689e-01,7.048412541567244949e-01
6.405063047781799357e-01,9.465276934726442049e-01
3.620984414017465736e-01,9.186990874861994394e-01
2.211657956776514611e-01,1.209185390974225394e+00
1.505547408561654921e-01,8.360091603474373301e-01
1.347877416045675236e-01,9.674798164873686934e-01
5.467582230107559393e-01,8.882503988207481882e-01
6.057595330385276977e-01,7.354379005835850469e-01
6.383934844845300383e-01,9.531827446338961840e-01
6.349705550499985529e-01,9.115388781824892428e-01
4.857037337506655006e-01,1.160657941215540889e+00
2.293265712596716799e-01,1.195194368004601326e+00
6.378130809592681416e-01,1.130982362266691243e+00
2.768292734005562417e-01,9.079239459123854550e-01
2.185749723603434280e-01,1.129407611700467662e+00
6.368241008381155810e-01,8.183740063142436183e-01
1.327454939318344351e-01,6.720217496028892956e-01
1.279518798021744841e-01,7.318378672406474772e-01
4.499986982940817892e-01,9.736354281027224111e-01
6.081663220454015528e-01,9.711834588302754590e-01
6.145373545551046091e-01,7.561249126921238961e-01
1.546925006267352576e-01,1.109203701665206987e+00
6.341279402283899191e-01,9.233732186521146357e-01
3.776396101328830524e-01,9.833028504140627346e-01
6.415355893539885779e-01,1.128024977336024692e+00
6.228987294979295708e-01,1.139588991755379643e+00
1.723169523781336310e-01,7.842054178458569558e-01
5.847215909797442990e-01,9.084844192449934575e-01
6.429580783416690704e-01,1.020812942641987187e+00
3.771211936426727696e-01,1.196858023562137330e+00
1.731049551746454696e-01,1.133177471577818007e+00
6.256476753944977265e-01,8.424730358092057392e-01
3.661579646613937755e-01,1.033489124736258757e+00
6.343688958808870737e-01,9.481868291892401324e-01
3.311002589610503866e-01,9.699701415895346512e-01
2.205354348154224542e-01,1.034412414966767502e+00
1.738898349492266904e-01,9.434296972245409529e-01
1.462618790587420781e-01,8.061422932025749111e-01
1.328173437430695547e-01,9.555199640297307173e-01
1.530199008624085200e-01,7.738189721102359808e-01
2.923812156985575728e-01,1.054817546689476027e+00
1.676493701159279259e-01,9.483230294271267624e-01
4.305755953123870383e-01,1.098379845354939821e+00
5.927510559022721726e-01,9.481081765707690678e-01
2.436343376808400019e-01,7.410706680165779492e-01
5.268988219614277879e-01,1.077093761221059376e+00
3.705296318610582507e-01,1.186685687619658758e+00
6.286525868447281340e-01,7.404183767660311721e-01
1.751850683972915879e-01,7.969341226323138905e-01
5.677580237658631512e-01,1.201389503259724156e+00
5.449125270670636123e-01,8.766155112076906564e-01
1.483665335171528155e-01,9.037629251115241180e-01
6.134016514914890639e-01,1.069921331290866195e+00
5.788144299859344644e-01,7.948688397686287654e-01
5.856727758274483664e-01,7.484954449843965740e-01
4.574732926297113700e-01,1.049150100572885158e+00
5.107917672672618314e-01,9.363974171868529872e-01
5.348430452963053305e-01,1.130858318261759310e+00
3.041105306882551651e-01,1.109173781233774525e+00
6.359461359895403065e-01,7.600833248833750444e-01
1.524157505860118111e-01,9.503197391281468231e-01
6.383750097030171933e-01,8.450177237741075542e-01
4.218246094564852000e-01,1.136995313447327627e+00
4.203707011300729102e-01,1.103254471202283815e+00
1.814290422703768446e-01,7.935761834049677166e-01
2.716255642281712457e-01,8.696429944440533522e-01
1.813040400438890865e-01,7.860188381697674753e-01
2.034122834191535445e-01,8.813748660305137372e-01
5.220204546377466004e-01,1.051391514845442465e+00
5.230437784011591207e-01,1.016021776189074854e+00
5.785541541100553964e-01,9.814613156418782181e-01
4.105887762339840985e-01,1.126933760966426945e+00
5.271264819892972353e-01,8.552113116956092664e-01
5.673091571165236324e-01,8.105488933505344828e-01
2.124533752732313541e-01,8.356586814441809841e-01
1.769048410537405192e-01,1.199391144128583164e+00
6.391232999983738061e-01,8.184088862135397990e-01
1.476521170672401573e-01,7.414980507429810297e-01
1.989005972153065904e-01,1.182718475986331175e+00
5.441013926024683700e-01,1.090869375767060223e+00
6.191647002379097042e-01,8.072763534772728899e-01
1.902131007958428321e-01,7.463773350301968756e-01
4.634332913458438785e-01,8.860286566733531766e-01
5.601546062576135965e-01,8.080064981821679648e-01
6.083597494540270434e-01,7.440847889962283190e-01
2.307508383337490976e-01,1.166402040009015373e+00
2.372185402245235164e-01,8.561517877434953183e-01
6.240937087418645390e-01,1.202911842177585289e+00
4.728718462667928502e-01,8.345589916748373804e-01
3.360500493500141461e-01,1.196451752970377536e+00
5.938066928277705436e-01,8.394022603833489748e-01
1.777450256528614048e-01,1.077142089169788486e+00
5.477208974022822474e-01,9.984808188471051560e-01
5.345553728740963795e-01,1.086973485790414751e+00
3.120085685344796689e-01,1.086788989068909306e+00
6.309501900285698905e-01,8.505850416956439730e-01
2.930777710667052949e-01,9.488979917683084686e-01
4.716543306952201142e-01,1.101128100089132422e+00
2.744650443741283863e-01,1.173609951448648880e+00
5.855910633310341673e-01,1.088597694831734408e+00
1.338893389863945738e-01,9.127557707037775581e-01
4.934958854229329894e-01,1.114744457748387818e+00
1.359491312886946801e-01,6.465462690337855367e-01
5.740871151860386101e-01,1.183249109434660884e+00
2.001226865266690635e-01,7.760230262593604822e-01
1.668368660882586785e-01,6.946770920508271718e-01
1.377266256031668412e-01,1.015928712256492616e+00
4.598968832633114623e-01,9.611226804885836250e-01
1.792193407084866630e-01,6.949826438278653429e-01
1.645233186717380836e-01,8.080398279961068519e-01
4.005494958749668544e-01,8.594938824671458644e-01
3.068137101124570054e-01,9.356990783731317096e-01
6.005813755520890140e-01,9.259801251640357167e-01
4.150148569873196025e-01,1.107476692621746750e+00
1.983318565939483080e-01,1.038994418840977652e+00
6.347878986669873713e-01,9.671700777999454601e-01
5.051580170206171339e-01,1.138487452892850360e+00
4.938971511548959081e-01,1.045818492326330951e+00
6.082065812924658532e-01,7.329365266003248225e-01
3.138414895751734379e-01,1.098896964624347161e+00
5.435333717805644893e-01,9.324502519397952494e-01
5.964833734092811479e-01,8.701587916654066612e-01
4.515415145529158569e-01,8.896945121978464543e-01
6.387862433609314827e-01,7.048370249302453594e-01
2.360133359894813765e-01,8.054892580468034913e-01
5.850778008761565729e-01,8.307504411523342069e-01
2.581534912239002999e-01,1.174976901778194360e+00
2.451180094255913378e-01,1.127633840901294704e+00
1.319588429080338909e-01,9.243590505732872664e-01
2.078745832910252056e-01,1.025418292177080692e+00
1.424663255756905000e-01,8.019396097437391235e-01
1.288520252278273492e-01,7.321867782574372763e-01
6.110444445275398095e-01,1.184379298127480329e+00
5.758903685390062144e-01,1.167129870858637730e+00
1.700367047850556146e-01,1.050318479340726974e+00
1.380976113976998820e-01,9.380998145669220412e-01
6.323903149222454001e-01,8.344895239072385174e-01
5.922802490793608321e-01,1.062389574798726644e+00
1.320658885313528152e-01,7.654390408748260599e-01
5.524465293818524581e-01,1.190434181726101270e+00
5.875073614919370524e-01,8.367491432416060970e-01
6.319627361678907818e-01,6.917270413360118164e-01
6.059209483130620910e-01,9.001050558418127734e-01
4.111382343219750490e-01,9.750615006624855363e-01
6.389584048791846493e-01,8.922204300424474432e-01
4.386141593235727831e-01,9.209371520887933427e-01
5.157843995651670843e-01,7.457922320226449964e-01
6.388523294262802299e-01,1.008468974355378522e+00
5.711868787675807857e-01,8.900950952715510622e-01
1.362653450266529676e-01,7.112693893192502115e-01
3.916798441559370403e-01,8.926956387484703548e-01
2.259631423272575879e-01,1.149726395869499429e+00
6.409203609521916256e-01,9.682985270687719526e-01
2.111590038056220531e-01,7.909157176182340931e-01
6.025912882026044359e-01,7.950242200999770859e-01
6.349998756531070043e-01,7.739466488565762692e-01
6.268451624022228774e-01,8.508254072423552250e-01
6.264983376208947963e-01,9.165451582918732187e-01
3.036541507524430084e-01,1.006410947409273726e+00
6.375181233620282883e-01,7.726479856651518041e-01
6.388377536546501201e-01,6.322579552482711085e-01
1.812052621726872315e-01,1.134881918758471997e+00
6.107089532025714584e-01,8.715855898690235692e-01
1.364220529246906732e-01,1.103126852841420202e+00
6.147286512545971915e-01,8.905833937665318389e-01
2.876935720280752729e-01,5.283777899961433766e-01
5.693730141020194591e-01,1.185150971852078516e+00
2.169715745233903870e-01,8.578553747125259310e-01
5.387149670466879758e-01,8.389018929046133666e-01
5.733503257142612552e-01,1.111152645689240881e+00
2.070063253976575091e-01,9.088351489286526919e-01
5.516805758663092529e-01,8.503903129268935990e-01
6.356546584988957971e-01,8.695834151123762457e-01
6.225518666007402446e-01,1.031061389423308938e+00
1.475885049888185363e-01,7.760574816989947999e-01
1.323984704986757299e-01,8.819990555347294592e-01
4.909679657518598583e-01,8.719143442032324387e-01
2.413272421966697612e-01,8.027523477400443364e-01
1.788516226939656228e-01,6.522101414662130336e-01
3.837699239757937919e-01,1.059504897478000585e+00
6.182644366184011364e-01,8.367897194711368947e-01
1.361750147633933317e-01,7.764261728658156114e-01
6.430571043467651071e-01,9.139334579847138151e-01
1.550701469228749352e-01,6.092657681071710352e-01
4.218083046296441929e-01,1.199810136668301386e+00
6.360320200924002298e-01,8.418352435741590645e-01
6.380110829371579140e-01,1.038865112631858434e+00
2.103429518032096657e-01,1.090378302369537478e+00
5.746720337285651237e-01,9.700874542762176755e-01
5.245607333392586780e-01,8.725004476443178891e-01
1.854993972517373080e-01,7.650113149553132708e-01
5.439592291195870510e-01,1.074930439334079502e+00
6.318005818544742969e-01,9.363177991059229432e-01
6.395238085687431351e-01,7.820118586284924289e-01
1.878208471738190277e-01,8.424637326057969888e-01
3.742812893282631559e-01,1.040922651435752577e+00
1.457141686917420575e-01,8.794325374804571327e-01
5.269489580609753032e-01,7.271169712824079312e-01
5.339556779971397216e-01,8.445771794766037122e-01
6.316533156684293049e-01,6.433825725352424474e-01
2.571665478156323625e-01,1.194044319122827602e+00
4.075125090638216374e-01,7.895792659700934246e-01
4.124189573093469674e-01,8.578066425153295649e-01
1.728535302030895782e-01,7.637540563147857675e-01
5.712368217311051266e-01,8.371373608123904297e-01
6.397324298172866186e-01,7.703668359233573071e-01
3.373725752748584217e-01,9.388381913076525587e-01
2.195306995485525325e-01,8.100732036795723623e-01
2.541248372277098433e-01,6.996305667775730708e-01
6.347351044534914610e-01,7.211619002609761520e-01
2.114788006576478474e-01,6.843340095176370097e-01
6.313996383993423223e-01,8.071615275503234432e-01
1.488525924007100265e-01,8.737460398132890216e-01
1.876284421609629993e-01,8.114261603158897662e-01
1.621828754560129260e-01,9.667146972857371123e-01
5.096696451568857311e-01,7.135421675127926466e-01
2.890739488504550647e-01,1.002365141150641792e+00
3.795896842564369655e-01,8.297727646267227808e-01
6.239569400262432453e-01,1.193808035323538075e+00
2.065304024564239560e-01,7.862761613426515472e-01
4.550930998169680497e-01,9.843093577699683072e-01
4.688012293505841033e-01,1.053537988280346616e+00
6.354674333726605395e-01,8.582170322896257586e-01
6.239972591670294166e-01,1.090314511311883949e+00
6.271304566436567418e-01,6.011817879152708821e-01
5.893034634326153043e-01,8.218460780858066750e-01
2.754875229468760067e-01,9.848684078015235155e-01
4.766889940872420239e-01,1.190353641151925768e+00
3.875492241128110082e-01,9.991250693800535210e-01
1.371535429508216331e-01,8.571284561085960041e-01
6.039531547698703262e-01,1.152971249428168976e+00
6.429076883376146911e-01,9.707166841007730529e-01
1.645144769344899505e-01,9.659399650597818576e-01
6.434873405756388332e-01,9.430109914200432986e-01
6.205311588775639375e-01,7.810773018234051790e-01
3.885703693435241801e-01,8.927287026915377011e-01
5.185678500273204206e-01,1.197468902423470816e+00
6.365227627739725724e-01,7.343299608051836458e-01
6.189283330632188163e-01,7.605248023669641810e-01
6.255862453642239140e-01,9.983976366169661221e-01
1.975290956752872862e-01,9.797452932321895069e-01
5.242811342504397620e-01,1.118518292083030108e+00
6.282538601541400869e-01,8.745171048858252361e-01
6.268218862595296148e-01,8.089439392396258199e-01
3.497849477184130640e-01,1.096317293229759127e+00
6.228179841710650422e-01,1.074851131530478732e+00
1.601978807060724097e-01,7.530450867664497672e-01
6.375088439507957672e-01,7.803580079558649629e-01
6.389207936838572355e-01,1.008552866808327231e+00
2.428977731722172795e-01,9.156232481999267980e-01
6.362293252902340157e-01,8.212409732769475612e-01
6.243693554409087687e-01,7.680556264941572620e-01
3.801194239634084759e-01,8.301038392099223673e-01
1.432009894197368849e-01,6.939142014422585714e-01
1.839085107290672760e-01,7.221478230016767919e-01
1.330164331140219203e-01,7.685435130538451620e-01
3.958209732842267736e-01,1.047524131285912485e+00
5.992528677137539672e-01,8.111046316437834358e-01
2.344843348914502357e-01,1.175270064549162052e+00
6.022848845218401470e-01,9.035785354820284887e-01
6.080713256550095425e-01,8.150949091119850110e-01
1.837374465649659339e-01,7.432047916164276069e-01
5.374486898648466182e-01,8.381069843513184736e-01
4.859494335221620775e-01,1.006298354928128136e+00
6.347026321248200320e-01,7.704845445441504959e-01
4.198095271007858953e-01,1.070010060697797361e+00
5.794821060462661544e-01,1.065988631007740661e+00
5.891732475571048733e-01,1.155836464346304160e+00
1.886602581931030587e-01,1.159114138696418994e+00
2.525204995960134702e-01,1.201493950657608778e+00
1.467952659858033082e-01,9.453783424268008551e-01
1.408852183540743319e-01,8.363587621661223714e-01
6.022251814883993193e-01,6.858033161176406711e-01
2.407407295013032356e-01,1.185652329003646255e+00
3.880470120144925428e-01,1.200691285819119880e+00
3.394706425871977795e-01,9.008511790222957227e-01
6.259998800611393799e-01,1.146711566881493116e+00
2.634826340952143853e-01,9.733040448127944222e-01
1.327384237625926222e-01,7.767106783699559980e-01
5.562265072973328062e-01,1.098157201395869587e+00
1.732102000221460991e-01,7.610061246735512208e-01
2.122738967979417857e-01,1.018474356691973615e+00
4.944462286449700095e-01,9.772609260825634303e-01
1.510812502119460998e-01,1.053422156604846505e+00
6.365027179627487097e-01,1.084373881326509359e+00
4.690868869724525436e-01,5.735863810713648370e-01
5.721770965030762435e-01,8.675488722613340364e-01
2.648401732307955059e-01,7.300174403409381840e-01
3.292139025901423821e-01,7.926652236768874094e-01
6.383448482326353757e-01,8.652567722142248119e-01
5.312453451222841627e-01,1.096384467176550581e+00
2.034866045558855474e-01,6.848365906717645002e-01
4.955473709905258151e-01,8.906059696582474539e-01
1.365808564664989511e-01,6.565615096943939744e-01
1.623790730908803992e-01,6.875856675214088165e-01
2.033937995472411275e-01,8.095019459211058033e-01
6.104210415266059231e-01,1.115775862863046530e+00
4.045164723538930418e-01,1.057888698548335338e+00
5.476198789776487441e-01,8.838005284617308499e-01
6.396896788453569904e-01,7.937808916317439234e-01
5.069257846018517810e-01,9.047178311608103929e-01
1.347257096069122417e-01,7.233370023200303978e-01
1.509319675927615623e-01,7.716512491948379626e-01
2.688136576859912474e-01,1.199619764223790241e+00
4.980493354839404252e-01,9.495634934848756759e-01
6.197213189071770767e-01,8.428745593631303823e-01
4.186112511752312915e-01,1.108856836573176574e+00
4.038653427087007808e-01,1.122083582949256808e+00
6.405654901531793177e-01,9.968160858172957495e-01
6.320761615033948511e-01,7.106926772967140371e-01
6.317026375852519138e-01,7.536911668457226821e-01
5.527371814501824687e-01,8.574142065892916831e-01
2.112813555115925501e-01,1.198640365820001552e+00
1.365036072765440367e-01,7.170871897188301203e-01
3.506558682788227799e-01,8.101940915952307032e-01
5.981650107546520045e-01,8.609733174015932189e-01
1.425741430946430577e-01,9.858714251931770534e-01
5.959390250659049038e-01,8.985016963099794474e-01
1.315046279218201886e-01,9.194725977861184507e-01
6.254936662712730078e-01,8.099311643428640517e-01
2.334575326460194278e-01,8.271750905627258676e-01
4.065083856827153008e-01,1.098935395723232622e+00
1.368400407090803184e-01,1.169278519986237885e+00
4.766910482351499612e-01,9.535476989221005617e-01
3.151856990446058604e-01,1.179175077836212449e+00
6.360456312550748503e-01,6.640885743699804777e-01
1.463249075815428180e-01,8.990621316777518413e-01
6.349773210881680674e-01,8.362697869658508587e-01
5.646591209358517993e-01,8.701418555954604228e-01
4.672906275384280383e-01,8.566845634440606316e-01
1.955045994959877520e-01,7.564654052674479878e-01
5.835625909144555035e-01,9.313353906584379560e-01
5.323403795584469300e-01,1.200198669684955144e+00
6.226407193064429357e-01,7.838896297601224417e-01
5.703148628119634189e-01,1.199392753162032088e+00
3.140386532367330785e-01,9.998472293250436627e-01
6.348850302126352041e-01,9.164919763901776539e-01
6.398742012948481772e-01,8.798061584112206734e-01
5.954156383654187756e-01,9.258463926971297608e-01
6.211455499722481344e-01,1.000000058238511347e+00
2.694141312536941224e-01,8.705761341167601586e-01
5.650354025819923631e-01,1.203164553592486863e+00
6.019066694583390387e-01,9.594287164921617705e-01
5.407892329265644449e-01,8.783158676337641246e-01
3.171175996872440117e-01,1.184096762789432322e+00
4.153351453715184993e-01,9.942114020951644537e-01
1.383772438032545016e-01,8.237013234211320034e-01
2.344545405990191567e-01,5.026205823384599647e-01
1.790724406904662669e-01,8.908078871406106547e-01
6.144417289624617418e-01,8.523421353754467855e-01
1.564146762076678854e-01,9.358060917479595897e-01
3.425350945273458736e-01,8.623790192574795066e-01
3.312696146843033262e-01,1.183982326073753866e+00
5.235877598322909998e-01,1.045818786993511607e+00
4.034455404803833356e-01,1.105720562963943276e+00
1.781156313517559542e-01,1.205599250207508133e+00
4.712828210489010683e-01,9.115614606151705157e-01
4.375554591597610732e-01,9.592264015798415144e-01
5.824764810005814697e-01,1.005117404761944000e+00
5.394372601212118479e-01,9.886712930101625441e-01
5.401394466998741262e-01,9.338961241137849756e-01
2.503134021476433602e-01,1.027559243118250976e+00
6.344253248069948725e-01,6.945312798995423309e-01
2.602999740701784637e-01,1.071097533964753712e+00
6.055217375243258093e-01,9.666435049647364997e-01
6.379093520086256408e-01,1.054675866234840997e+00
1.648153554310337332e-01,7.921738829566953299e-01
1.949228922695294963e-01,8.101238466670979133e-01
1.656775430990595210e-01,7.909762077071720299e-01
5.695501426171662995e-01,1.102170270999615287e+00
6.194442476936898867e-01,1.121820172451178044e+00
2.639568115129041770e-01,1.097463318390887732e+00
4.290991774448981166e-01,1.077081752672427672e+00
6.401521864438057818e-01,8.563693699781257385e-01
6.009622982651396939e-01,8.801479110622487667e-01
4.554770909618030550e-01,9.052487442787154892e-01
2.993137268359583048e-01,7.970090783229974996e-01
5.416331923649704283e-01,8.943681264338060322e-01
1.793475176393150572e-01,1.060844378415649158e+00
1.515692930212940992e-01,7.279803702903725471e-01
5.077633971274847502e-01,1.197574190356593071e+00
3.106555871913727063e-01,8.651263427302112730e-01
2.855430858460923371e-01,1.205041382682160656e+00
2.813827727086605779e-01,9.282414478121245871e-01
1.500112284514502903e-01,1.180575450155024075e+00
4.627681102155526971e-01,9.771663386476854285e-01
1.430179293654897099e-01,1.036397584049145282e+00
5.015881202164199637e-01,9.928107482237028547e-01
1.941964473978740890e-01,1.057102285568370936e+00
1.646354094969223192e-01,7.377203660147562125e-01
5.647053338139531586e-01,1.129009402198784651e+00
6.218390389850235733e-01,1.189819536007994838e+00
5.948083517431544953e-01,7.088310439927026918e-01
1.282378138244779364e-01,6.993654337542380972e-01
2.155187476946529845e-01,7.035753786748034644e-01
5.818031669196802591e-01,7.778079502749016827e-01
5.474800054424635576e-01,8.904678896246349673e-01
1.416701319887373745e-01,8.811353023112268312e-01
6.020142332435034493e-01,1.196930606231263017e+00
6.386596479783133162e-01,6.572351206594401196e-01
1.811509019455916913e-01,9.246243362762635032e-01
5.657640552189457939e-01,1.175298601979787305e+00
1.724949793800128472e-01,7.883982702023396572e-01
6.109427283545044718e-01,9.497135348921278419e-01
1.567281706695672627e-01,1.171776806831933415e+00
6.411520529327476847e-01,9.957510532422491067e-01
2.050569679246579124e-01,1.142943014756244935e+00
5.289109124972037890e-01,1.068906397572052747e+00
5.609135557511611969e-01,1.018028310494021760e+00
1.332966173110213259e-01,7.560268752794524483e-01
6.384227848672867633e-01,1.018086864610974196e+00
5.104710446316215178e-01,8.586950154804354751e-01
2.158363642225687440e-01,1.078274521050110790e+00
4.880084495973295300e-01,9.493892245483562808e-01
5.546434274392983976e-01,1.151555240394544821e+00
6.275376487248878199e-01,1.151370095600329879e+00
6.272340491982388855e-01,9.740048771635189118e-01
6.276379457814065255e-01,1.188317372490083734e+00
4.018995399962295156e-01,1.204794349829260369e+00
1.456257779076583214e-01,7.385964703786964680e-01
4.344982908018171774e-01,9.915519831085218838e-01
6.284213640696300063e-01,8.183394162110588788e-01
5.406691371040083238e-01,1.047903042831979548e+00
3.365772635796414058e-01,9.944815622324792992e-01
4.963424534435287860e-01,1.052392684794030142e+00
6.397703372746414985e-01,6.933791350811213672e-01
1.272792560948069474e-01,6.792501261508139265e-01
1.263565626732436609e-01,1.046181066548653504e+00
6.418689970773843179e-01,8.282715486992893172e-01
1.369077390116594239e-01,8.251692031055648524e-01
1.822145163601021078e-01,8.047504788609769477e-01
5.739151134868515358e-01,7.535407589030507225e-01
1.381569424809857005e-01,7.012826943202991048e-01
6.155331648216931795e-01,8.034719869341894194e-01
1.863260350958245992e-01,8.765699445153850577e-01
5.736721792037304812e-01,8.522968305177383019e-01
6.386219274344759889e-01,7.132784646516416860e-01
5.295540054351415282e-01,9.006869996751554197e-01
6.309985899544066079e-01,8.252311426384995041e-01
2.255519636621348134e-01,1.054519543937257664e+00
2.082498241400614625e-01,9.473419805411199546e-01
3.582535773129095769e-01,9.034919034023267681e-01
2.077717074654291673e-01,1.090044956484880201e+00
3.168559957294336815e-01,1.058419464299456880e+00
1.307219034444455086e-01,7.519241524861089987e-01
2.145490758341828119e-01,1.189176000104926301e+00
6.392664438509956248e-01,8.697134876618263233e-01
5.649054578597494380e-01,9.059882832211146875e-01
6.188346856548112562e-01,7.474910256453937141e-01
6.050719280751790663e-01,1.115626920387379428e+00
4.926092408536210110e-01,9.942124366204072583e-01
6.411023566659802553e-01,9.156305744133698132e-01
3.813717883625978300e-01,9.787147183289824914e-01
2.880971218882159568e-01,8.426978161780893650e-01
2.967713806685894351e-01,9.863212677811601381e-01
5.895388251699640314e-01,1.094391749574037398e+00
5.513538785666541875e-01,9.555426071901184093e-01
1.351153231668188459e-01,1.046973917930976494e+00
2.032101273923710982e-01,1.126860789702796017e+00
1.900912165833547052e-01,8.792157707717720427e-01
1.640223369408473353e-01,9.402008734716631455e-01
1.423374008658781220e-01,7.808593312215535986e-01
2.435101433878516519e-01,1.204914445348848062e+00
2.504426758028603373e-01,7.043664218146127309e-01
5.428463532196391439e-01,1.206050281968745530e+00
1.540202380470124810e-01,9.065435806880627334e-01
4.897948717470371749e-01,1.087805226484152454e+00
4.818198698861861917e-01,9.176181588268874645e-01
6.220516843928415307e-01,6.852590839965327918e-01
5.703917547939227894e-01,1.182757828962550883e+00
2.158068377818742889e-01,8.283607058276427626e-01
6.300714808720591087e-01,7.931347596909659181e-01
1.365032499834552548e-01,7.568179600351780945e-01
2.059672499481685071e-01,9.562369342235944591e-01
4.305595623212031264e-01,1.129811024866204994e+00
5.081345015404754584e-01,9.245258962445542794e-01
6.053743370139073043e-01,1.147146669655388251e+00
2.601477514675396563e-01,9.344738576319002732e-01
4.742611277709705697e-01,9.344551516407649805e-01
1.607358710135851354e-01,7.702577652093572924e-01
6.342714334928170050e-01,8.735167611889769201e-01
6.146511654847447437e-01,7.716666287788933598e-01
5.435713611440629034e-01,9.643422177975171650e-01
5.725889423053215355e-01,1.177894693124476477e+00
2.146231191200220212e-01,1.045716413261168709e+00
2.530190465677445988e-01,1.178674243449476355e+00
5.220543789407697810e-01,1.020463147190262099e+00
6.401884493387787201e-01,8.138780897595953023e-01
5.002291389767671292e-01,9.955235659915157020e-01
1.307439043815590562e-01,7.953266648636453384e-01
6.300044280093849425e-01,1.122788823873690056e+00
3.136504735798064658e-01,1.043509992469656034e+00
5.421069523443917682e-01,7.821667397977067893e-01
6.412148604789422723e-01,8.461620355343755229e-01
2.864527167494783644e-01,1.195352214505393862e+00
4.693594922388503732e-01,1.091108897703138236e+00
6.327600567096678397e-01,8.334150526719641405e-01
6.221979746864877425e-01,9.667492091827845080e-01
4.262930038337732763e-01,8.957570325866756056e-01
1.711503056203038664e-01,8.821022359039489835e-01
3.115863326688099733e-01,1.002197674377092396e+00
4.378886578475596481e-01,1.149050198033148673e+00
5.953543587740715015e-01,9.285988180748984133e-01
6.112530661070348925e-01,9.619879574533827249e-01
2.724914032637564265e-01,1.075351415519368858e+00
6.318745144734643215e-01,7.634951181579417989e-01
3.457823863306725976e-01,1.040540099736704249e+00
3.451207250162007800e-01,8.750179342006212391e-01
4.506201509684016893e-01,1.200614622473859860e+00
5.313894171713945402e-01,1.128468143192882023e+00
1.477338608962541211e-01,7.232131922734501561e-01
3.325641032379891837e-01,1.190313850850254429e+00
3.331283919725140930e-01,9.746468844151987554e-01
1.749710303094299813e-01,7.538463464281545123e-01
1.484974097824510730e-01,7.260753738365470777e-01
5.434186943885807031e-01,7.384870102520992852e-01
4.130679938500235182e-01,9.492868172887337641e-01
6.408249967116146362e-01,8.195354842547786234e-01
6.044028862705393967e-01,8.228379551281042037e-01
2.249989933665798858e-01,9.885462881859718998e-01
6.471577653362104998e-01,1.096865140019222196e+00
1.384969222087190088e-01,6.806819821590068820e-01
6.396017179688768817e-01,9.000200252456397321e-01
6.182127469009436327e-01,8.764030039080922263e-01
2.251185258219047525e-01,1.076312938718067880e+00
4.606320269592216188e-01,8.935197055459561666e-01
2.534349614888495861e-01,1.178878890916927658e+00
5.526962272390462116e-01,8.313687867963870382e-01
2.454741310853356395e-01,1.187531411725337493e+00
1.672952498833782664e-01,8.699222526275013356e-01
2.543262557437864779e-01,9.286002532569778145e-01
6.110625190628721226e-01,7.572385617109312905e-01
4.362569396940455535e-01,9.960393171372399213e-01
3.171627156291094707e-01,1.036464999260827247e+00
2.518093465201818315e-01,8.087313911069601291e-01
1.656489032534211592e-01,8.677448886408982709e-01
4.024754731760242232e-01,8.802041811276130057e-01
5.838512098947509221e-01,8.561632340240794559e-01
6.310315392120111611e-01,1.046702983230541673e+00
5.809997615581261599e-01,8.312821658347306908e-01
5.385679925895281439e-01,8.920195385523241871e-01
5.950148133142494355e-01,6.689991816938490876e-01
4.274106761790515407e-01,8.414383680412045319e-01
5.256892373449811862e-01,8.396279282697431956e-01
3.556216144466266549e-01,9.326588065050933629e-01
3.158364217030105170e-01,1.178923159537954790e+00
4.882737141599208242e-01,1.123517478497751965e+00
6.387563120155369534e-01,8.663223235256751753e-01
3.131946451428950784e-01,9.988030692877636341e-01
2.878832953634561931e-01,6.608021272801423152e-01
1.393018487340461353e-01,9.010011906075079402e-01
6.438502298585614403e-01,9.350183388703913190e-01
5.873861392204651199e-01,9.990854760600060835e-01
5.501672880256656128e-01,6.966670881658819647e-01
1.542843916566006557e-01,8.181802221662276553e-01
1.391170958679759373e-01,9.720922009600951874e-01
5.426150197644621365e-01,9.748136430519327433e-01
5.713858903360039543e-01,9.067998979428913975e-01
6.090236010428340396e-01,1.029045650703036108e+00
3.673045449754261393e-01,9.594310482032417653e-01
1.704101507852937569e-01,8.836962838271787968e-01
3.166698850132788068e-01,9.365496520141805004e-01
2.198076904457294256e-01,8.823687197863853138e-01
4.079727689627360432e-01,1.150254244105292312e+00
1.619493918765393670e-01,6.953460203214907320e-01
6.235292536148797637e-01,8.022049767588870228e-01
1.498694988516517945e-01,8.761785616486934547e-01
5.869674330622981495e-01,1.049863776122078818e+00
6.342681283330843245e-01,9.610065630933691816e-01
1.661584262143335766e-01,9.678089129723544959e-01
4.777967767843759872e-01,8.380598131933066908e-01
3.932248331761393212e-01,1.054587442124736540e+00
1.370822403292868419e-01,7.426972001956049230e-01
1.547102836615392996e-01,7.378515412405187712e-01
3.109219208332135720e-01,8.447043512290549616e-01
5.721477833107131428e-01,8.054255979138109645e-01
6.384321206775643853e-01,1.039632105852413391e+00
4.435706247199496799e-01,9.174706145700523008e-01
5.422102483404300788e-01,9.407746640782786995e-01
3.534124032786405967e-01,9.680163958335568086e-01
2.518530693296571199e-01,7.467310451915060154e-01
1.735626560466894952e-01,9.904340931386002023e-01
3.336808452779576606e-01,1.163236176201852601e+00
5.481116975799155133e-01,1.046828562634940507e+00
5.650218280224726941e-01,8.687177308030168410e-01
1.441938423487268417e-01,1.208045175090176837e+00
1.688848822192002830e-01,1.135199467316754030e+00
1.302067867509595078e-01,7.970924995888558628e-01
5.912537529145367454e-01,1.197904361271729945e+00
6.380676750156323296e-01,9.614140201554861598e-01
5.568566540027970468e-01,8.345251876067857344e-01
6.221492204479019961e-01,8.094315489356807003e-01
1.579769013889617268e-01,1.188006306541474544e+00
1.430695951466238180e-01,8.032566282681383729e-01
5.998943695229510542e-01,1.028945291545809049e+00
2.038682770212017492e-01,8.580904928245802754e-01
1.259472573011503060e-01,5.960555363040127563e-01
1.402685924660665440e-01,9.258208491151230790e-01
1.530927971861990866e-01,8.811543803567629674e-01
1.872661072856600384e-01,6.735812684496672587e-01
5.574781233980259376e-01,8.763091211773275102e-01
1.619365857961816424e-01,1.201579359356849785e+00
5.821961858023239067e-01,7.535533079458311967e-01
5.699537162059546969e-01,1.140525889141021043e+00
1.499896351981400699e-01,6.954055223321584656e-01
4.769827450144951131e-01,8.705366741518616447e-01
3.825068604169530317e-01,1.203207675560208134e+00
1.970190144517035002e-01,1.116585806516048995e+00
3.768013856894299463e-01,9.140903346789867046e-01
1.358723133939601369e-01,1.114545907579531425e+00
5.371874889994905367e-01,9.926950499928456351e-01
6.287185181030601200e-01,7.196039687749563596e-01
2.738342903709468645e-01,1.045121149799469240e+00
6.187238907158484347e-01,1.117960147411121374e+00
2.468825466833249049e-01,7.885110938688649762e-01
4.239630274130748444e-01,8.277450891190460958e-01
5.752878948357055267e-01,1.019719826322203593e+00
1.324369051430373811e-01,8.343090447077347038e-01
1.356085530943678952e-01,8.015601699206050812e-01
1.556565407640384258e-01,8.402057673223468637e-01
1.345016367171371907e-01,9.554743252021704603e-01
5.363268664685180154e-01,7.583872667440143545e-01
6.332740776058196630e-01,1.109261639636118790e+00
6.277303494573170939e-01,8.520487839306992717e-01
4.307942698255323166e-01,1.191305476928206319e+00
6.326957841810303407e-01,6.479273984867978120e-01
2.911070584656273441e-01,9.476271016681496739e-01
6.060040743687166165e-01,7.786287346668957499e-01
6.305334821710334436e-01,1.170468687581011302e+00
6.387921278983251794e-01,1.202041944638734261e+00
5.533271068392850989e-01,1.062604678339110098e+00
6.390118601166873136e-01,6.981861495535482964e-01
3.403309264883305763e-01,8.885716498818531095e-01
3.334212004716349265e-01,7.961944773942337683e-01
4.593769996027550206e-01,1.194200286994413274e+00
1.310711495192337650e-01,6.261704157468045429e-01
1.438483086786591647e-01,8.471142122389113682e-01
1.570171391856836074e-01,8.468230179571005767e-01
5.969143290496559118e-01,1.017502349773572901e+00
2.810562403028701306e-01,9.453217318162647764e-01
4.972141257380839896e-01,8.253919908470206401e-01
1.277593537082439279e-01,6.915648317821307955e-01
3.553684964908750965e-01,1.077866006648466213e+00
2.235114993367187386e-01,1.144302493057153258e+00
